AccountNumber,Family Name,Billing Country,Billing City,Billing State,Billing Street,Billing Zip/Postal Code,AccountSource,Phone
1,Airton Family,Canada,Moncton,NB,2432 Kenwood Drive,T1J1J3,Web,9679924128
2,Willgoss Family,Canada,Toronto,ON,5384 Emmet Hill,E4S4S9,Phone Inquiry,5806558990
3,Bockett Family,Canada,Calgary,AB,18 Logan Place,N6C6C4,Web,5784432631
4,Peaurt Family,Canada,Halifax,NS,54 Luster Park,J3H3H7,Web,4662282538
5,Haldin Family,Canada,Vancouver,BC,26954 Kings Place,T9M9M1,Phone Inquiry,1089572518
6,Dederich Family,Canada,Ottawa,ON,654 Westridge Hill,G5N5N7,Phone Inquiry,2668562290
7,O'Brollachain Family,Canada,Regina,SK,511 Del Sol Street,V9L9L7,Web,9802930317
8,Tousy Family,Canada,Edmonton,AB,13929 Shasta Trail,S7K7K2,Phone Inquiry,6222480824
9,Bucklan Family,Canada,Kelowna,BC,064 Reinke Place,N5L5L5,Phone Inquiry,2383158253
10,Carlesso Family,Canada,Toronto,ON,6852 Bartelt Point,J6A6A8,Web,2923617541
11,Izsak Family,Canada,Vancouver,BC,86 Sutteridge Center,K7V7V3,Phone Inquiry,4461669060
12,Inderwick Family,Canada,Regina,SK,2 Mesta Park,G6E6E4,Web,1728052976
13,Castiblanco Family,Canada,Moncton,NB,24 Dapin Lane,L1Z1Z4,Web,7226215717
14,Patrick Family,Canada,Kelowna,BC,6449 Brown Plaza,K1Y1Y2,Web,4069662049
15,Inder Family,Canada,Halifax,NS,9 Gulseth Trail,A1X1X4,Web,4116932711
16,Daily Family,Canada,Vancouver,BC,07 Veith Drive,J0N0N8,Phone Inquiry,5809116607
17,Gamlen Family,Canada,Edmonton,AB,56 Roxbury Drive,H7V7V8,Phone Inquiry,6267936181
18,Hinkensen Family,Canada,Richmond,BC,7 Cottonwood Terrace,P4P4P5,Other,5819559684
19,Pitchers Family,Canada,Surrey,BC,8049 Elmside Hill,L7E7E3,Other,2093931996
20,Redgate Family,Canada,Hamilton,ON,19 Welch Point,R8N8N4,Phone Inquiry,5152960735
21,Filon Family,Canada,Quebec City,QC,6604 8th Parkway,N2E2E7,Web,3004883210
22,Craighall Family,Canada,Toronto,ON,602 Westport Alley,J5K5K7,Web,1582574543
23,Angell Family,Canada,Regina,SK,584 Atwood Pass,N3E3E6,Web,2204760482
24,Hucknall Family,Canada,Kelowna,BC,595 Heath Circle,L4K4K9,Phone Inquiry,9199739339
25,Slaymaker Family,Canada,Victoria,BC,22719 Butterfield Way,Y1A1A1,Web,7522172516
26,Presshaugh Family,Canada,Kingston,ON,4 Oriole Street,J7A7A1,Web,3025508174
27,Syde Family,Canada,Kelowna,BC,2 Columbus Street,B4P4P6,Web,9809294403
28,Oddboy Family,Canada,Ottawa,ON,79 Commercial Trail,M9R9R7,Phone Inquiry,2796703834
29,De Francesco Family,Canada,Hamilton,ON,38014 Becker Parkway,V1K1K3,Other,7503454702
30,Kerwick Family,Canada,Halifax,NS,863 Spenser Circle,K1M1M7,Web,9629706855
31,Massen Family,Canada,Montreal,QC,6909 Kingsford Lane,L1K1K5,Web,6164709430
32,Sandwick Family,Canada,Winnipeg,MB,458 Graedel Court,M1C1C9,Web,7004838719
33,Flacknoe Family,Canada,Kelowna,BC,083 Ruskin Trail,G8A8A4,Web,2392096744
34,Eglinton Family,Canada,London,ON,6 Lunder Pass,L9N9N3,Web,4049339249
35,Demcak Family,Canada,Kelowna,BC,58 Bunker Hill Center,K2C2C5,Web,4787655576
36,Kobierski Family,Canada,Edmonton,AB,03178 Bartillon Court,G3H3H6,Web,6931660576
37,Hallmark Family,Canada,Halifax,NS,94 Gulseth Crossing,T7A7A8,Phone Inquiry,4478981303
38,Hanselmann Family,Canada,Richmond,BC,82558 Thackeray Terrace,T4C4C7,Phone Inquiry,8711221638
39,Greenrodd Family,Canada,Vancouver,BC,0376 High Crossing Park,G8J8J7,Web,2612462824
40,Lobell Family,Canada,Toronto,ON,331 Moulton Alley,M2N2N7,Web,2273897192
41,Piperley Family,Canada,Montreal,QC,4 Quincy Drive,N2M2M6,Other,7559236380
42,Bowry Family,Canada,Montreal,QC,1541 Grasskamp Lane,H9P9P3,Web,5814098576
43,Milverton Family,Canada,Halifax,NS,84536 Fisk Court,T9J9J1,Web,4611922316
44,Boules Family,Canada,Victoria,BC,04 Buell Park,N2A2A4,Web,6508008060
45,Dahlbom Family,Canada,Surrey,BC,38655 Wayridge Terrace,J1T1T2,Other,1384274520
46,Burmaster Family,Canada,Vancouver,BC,316 Surrey Lane,T4J4J9,Web,2741702148
47,Clotworthy Family,Canada,Moncton,NB,09 Gina Hill,G5N5N8,Other,8618360033
48,Christophers Family,Canada,Vancouver,BC,1 Commercial Hill,V8S8S1,Web,2142569746
49,Fleg Family,Canada,Waterloo,ON,5228 Namekagon Center,T1L1L9,Web,9334186371
50,Parsons Family,Canada,Toronto,ON,254 Merchant Trail,M3H3H6,Web,8691036817
51,Thams Family,Canada,Toronto,ON,665 Johnson Junction,G8B8B1,Other,3603425915
52,Veart Family,Canada,Quebec City,QC,97 Petterle Hill,L9S9S4,Web,9465549389
53,Derry Family,Canada,Regina,SK,178 Harbort Point,E3G3G5,Other,7353123745
54,Errigo Family,Canada,Vancouver,BC,4 Lakewood Lane,H9K9K1,Phone Inquiry,2013236576
55,Clementet Family,Canada,Montreal,QC,758 Red Cloud Way,L6E6E6,Phone Inquiry,5409063265
56,Antoszczyk Family,Canada,Edmonton,AB,9292 Bluejay Hill,V9P9P5,Web,3805811539
57,Lisimore Family,Canada,London,ON,19 Carioca Court,G8J8J9,Web,3405543286
58,Cardoo Family,Canada,Ottawa,ON,13827 Laurel Terrace,J6V6V6,Web,7756975751
59,Lumsden Family,Canada,Waterloo,ON,68958 Caliangt Point,J5T5T9,Other,9645670935
60,Comins Family,Canada,Halifax,NS,3 Steensland Parkway,N3E3E4,Phone Inquiry,3451672449
61,Roocroft Family,Canada,Toronto,ON,64787 Randy Circle,G6R6R1,Web,4955295292
62,Desborough Family,Canada,Vancouver,BC,632 Cherokee Avenue,G6G6G3,Web,3246180487
63,Mary Family,Canada,Vancouver,BC,5 Bartillon Circle,K6A6A4,Web,3098952476
64,Linkleter Family,Canada,Richmond,BC,41 Crest Line Road,K2C2C2,Web,5346060881
65,Lovejoy Family,Canada,Regina,SK,48 Corscot Terrace,R2J2J8,Web,3032856543
66,Corbyn Family,Canada,Vancouver,BC,198 Kings Center,V1R1R3,Web,9392727791
67,Howie Family,Canada,Moncton,NB,4516 Bayside Drive,S4A4A5,Other,6177522269
68,Seville Family,Canada,Winnipeg,MB,89 Oak Crossing,J7A7A2,Phone Inquiry,8069079148
69,Lanney Family,Canada,Winnipeg,MB,3949 Caliangt Court,J8E8E3,Phone Inquiry,6118714684
70,Gromley Family,Canada,Surrey,BC,3 Thompson Parkway,M4P4P7,Web,8126940015
71,Criple Family,Canada,Vancouver,BC,2184 Ronald Regan Road,V9C9C7,Web,3641188776
72,Balaam Family,Canada,Hamilton,ON,1 Southridge Crossing,J8R8R6,Web,7564939641
73,Ceillier Family,Canada,Hamilton,ON,2 Ridgeview Park,E5A5A9,Web,4005505245
74,Stayt Family,Canada,London,ON,1 Sundown Hill,T7E7E9,Web,8073570550
75,Darcy Family,Canada,Surrey,BC,67 Parkside Street,J7G7G9,Phone Inquiry,8304474430
76,Southwood Family,Canada,Ottawa,ON,2 Dottie Junction,V9B9B7,Web,6676888033
77,Jamot Family,Canada,Vancouver,BC,793 3rd Street,R8A8A2,Phone Inquiry,1314830839
78,Baron Family,Canada,Waterloo,ON,381 Stone Corner Crossing,G5H5H6,Other,7391861857
79,Squibbes Family,Canada,Edmonton,AB,32843 Prentice Park,E6J6J7,Web,8986401658
80,Curedell Family,Canada,Richmond,BC,5 Rockefeller Court,B4V4V1,Phone Inquiry,6265634820
81,Mitroshinov Family,Canada,London,ON,992 Sullivan Alley,L3K3K6,Other,3743025304
82,Kimblin Family,Canada,Kelowna,BC,1724 Lillian Street,N9A9A2,Other,2313751497
83,Wiz Family,Canada,Calgary,AB,1 Arrowood Crossing,H3Z3Z9,Web,8868137257
84,Moryson Family,Canada,Kingston,ON,91 Miller Way,T1V1V5,Phone Inquiry,7422469392
85,Pankhurst. Family,Canada,Toronto,ON,96991 Utah Plaza,J1K1K6,Web,7699504715
86,Yanuk Family,Canada,Moncton,NB,76 Vernon Crossing,B0L0L1,Web,2449770939
87,Rattray Family,Canada,Moncton,NB,4 Meadow Ridge Alley,G2L2L3,Phone Inquiry,1141317657
88,Ourry Family,Canada,Halifax,NS,6693 New Castle Lane,A0A0A2,Web,8487487825
89,Symms Family,Canada,Montreal,QC,5 Moulton Avenue,J4B4B1,Web,1813586464
90,Joriot Family,Canada,Toronto,ON,33081 Buell Avenue,L5M5M8,Web,3568760415
91,Kynoch Family,Canada,Quebec City,QC,5 Pawling Crossing,A1N1N3,Web,7853090180
92,Aitken Family,Canada,London,ON,5747 Annamark Trail,T4T4T1,Other,5825351521
93,Lillyman Family,Canada,Kelowna,BC,0509 Dapin Trail,J5J5J1,Phone Inquiry,4312019398
94,Wickwarth Family,Canada,Hamilton,ON,7 Crest Line Road,J6N6N3,Web,3678104560
95,Kezar Family,Canada,Vancouver,BC,2552 Buhler Parkway,G3A3A7,Web,6829355130
96,Peert Family,Canada,Victoria,BC,488 Stone Corner Plaza,J1J1J5,Other,3117646941
97,Stonehouse Family,Canada,London,ON,787 Rusk Crossing,H9A9A2,Web,5002031016
98,Ethersey Family,Canada,Montreal,QC,00931 Golf View Center,V7A7A6,Web,2058762938
99,Studman Family,Canada,Montreal,QC,64 Warbler Junction,N7V7V2,Web,1523574938
100,Westell Family,Canada,Victoria,BC,61 Del Sol Circle,J6N6N7,Web,8879316267